{"cameraMode":{"drawMode":0,"name":"Shaded","section":"Shading Mode"},"sceneLighting":false,"audioPlay":false,"sceneViewState":{"m_AlwaysRefresh":true,"showFog":true,"showSkybox":false,"showFlares":true,"showImageEffects":true,"showParticleSystems":true,"showVisualEffectGraphs":true,"m_FxEnabled":true},"in2DMode":false,"pivot":{"x":2.658782958984375,"y":10.188787460327149,"z":-3.4872817993164064},"rotation":{"x":0.39585405588150027,"y":-0.28807008266448977,"z":0.1322280466556549,"w":0.8619570732116699},"size":35.01011657714844,"orthographic":true}